cue,album_track,status,offset_samples,offset_s,envelope_r,waveform_r,polarity,inliers,loop_start_samples,loop_end_samples,loop_start_time,loop_end_time,album_len_s
B101_boss1,1-17 Leone Forces,ok,4512,0.102313,0.629,0.422,inverted,9/10,283297,3911951,0:06.424,1:28.706,96.813
B102_boss2,1-14 Dream Land,ok,4371,0.099116,0.663,0.496,normal,8/10,1213960,4540361,0:27.527,1:42.956,106.147
B103_boss3,1-23 La Clown,ok,5828,0.132154,0.664,0.376,indeterminate,4/10,640842,4592203,0:14.532,1:44.132,112.600
B104_boss4,1-21 Niko²,too weak to trust - keep game audio,4577,0.103787,0.559,0.285,inverted,3/10,,,,,96.840
B105_boss5,1-27 Vs. Metal Gear,ok,5315,0.120522,0.578,0.463,normal,7/10,659995,5242933,0:14.966,1:58.887,217.587
B106_boss6,1-30 End Title,not on album - keep game audio,,,0.273,,,,,,,,
B201_sneaky1,1-09 First Mission,ok,5229,0.118571,0.970,0.686,inverted,7/10,203679,3378879,0:04.619,1:16.619,83.253
B202_sneaky2,1-18 Residential Quarters,ok,4982,0.112971,0.918,0.728,inverted,10/10,231607,3255607,0:05.252,1:13.823,84.880
B203_sneaky3,1-11 Control Office,ok,4850,0.109977,0.962,0.721,normal,6/10,179246,3400365,0:04.065,1:17.106,88.787
B204_sneaky4,1-15 BRC,ok,4715,0.106916,0.961,0.993,normal,10/10,79943,3400414,0:01.813,1:17.107,89.240
B205_sneaky5,1-19 Power House,ok,2960,0.067120,0.945,0.983,normal,10/10,204391,3394230,0:04.635,1:16.967,111.453
B206_sneaky6,1-22 FAR,ok,4716,0.106939,0.949,0.682,inverted,8/10,104201,3400856,0:02.363,1:17.117,89.227
B301_action1,1-25 Frisson,too weak to trust - keep game audio,38518,0.873424,0.505,0.160,indeterminate,4/10,,,,,97.573
B302_action2,1-05 On Alert,different edit - no constant offset,,,0.680,,,0/10,,,,,
B303_action_dark,1-20 Interval of Dark,ok,5507,0.124875,0.907,0.680,normal,8/10,237163,4334225,0:05.378,1:38.282,104.773
B401_intermission,1-02 Intermission,ok,4744,0.107574,0.910,0.704,normal,10/10,122365,2003944,0:02.775,0:45.441,57.667
B402_title,1-01 METAL GEAR AC!D,album track ends 8.72s before the loop does,40816,0.925533,0.707,0.783,inverted,8/8,569886,2686679,0:12.923,1:00.922,52.200
B403_ending1,1-30 End Title,different edit - no constant offset,,,0.549,,,0/10,,,,,
B404_ending2,1-30 End Title,different edit - no constant offset,,,0.669,,,0/10,,,,,
B501_start,1-38 Mission Start,ok,6126,0.138912,0.985,0.957,normal,4/4,one-shot,,,,7.053
B502_complete,1-40 Mission Complete,ok,6153,0.139524,0.994,0.956,normal,3/3,one-shot,,,,7.093
B503_failed,1-39 Mission Failed,ok,5501,0.124739,0.939,0.988,normal,4/4,one-shot,,,,7.053
B504_nekal,1-04 NEKAL Commercial,ok,5950,0.134921,0.986,0.999,normal,4/4,one-shot,,,,7.840
B505_info,1-04 NEKAL Commercial,ok,5950,0.134921,0.985,0.971,normal,4/4,one-shot,,,,7.840
B601_vs_battle,1-35 Link Battle,ok,4617,0.104694,0.944,0.974,normal,10/10,307014,3935813,0:06.962,1:29.247,107.547
B602_vs_hurry_up,1-36 Link Battle Rush,ok,5543,0.125692,0.892,0.970,normal,9/9,209088,1362469,0:04.741,0:30.895,42.907
B701_demo1,1-03 Conspiracy,ok,4172,0.094603,0.862,0.962,normal,10/10,134512,4368102,0:03.050,1:39.050,109.360
B702_demo2,1-10 Undercover Action,album track ends 5.02s before the loop does,4927,0.111723,0.691,0.985,normal,10/10,1449233,4576323,0:32.862,1:43.771,98.747
B703_demo3,1-12 Egersis,ok,5436,0.123265,0.808,0.995,normal,10/10,5888,5052412,0:00.134,1:54.567,115.280
B704_demo4,1-20 Interval of Dark,ok,5865,0.132993,0.805,0.524,inverted,10/10,247972,4345003,0:05.623,1:38.526,104.773
B705_demo5,1-06 Leone,ok,5390,0.122222,0.785,0.647,inverted,9/10,51018,3578679,0:01.157,1:21.149,96.280
B706_demo6,1-08 Elsie & Francis,ok,4438,0.100635,0.967,0.986,normal,10/10,58110,4180285,0:01.318,1:34.791,96.547
B707_demo7,1-07 Briefing,ok,4557,0.103333,0.887,0.614,normal,7/10,445557,2562356,0:10.103,0:58.103,65.613
B708_demo8,1-28 Alice,ok,4552,0.103220,0.822,0.996,normal,10/10,1516031,3934971,0:34.377,1:29.228,93.413
B709_demo9,1-16 Ritual of the Swarm,album track ends 7.13s before the loop does,7288,0.165261,0.774,0.955,normal,9/9,395443,4369459,0:08.967,1:39.081,91.947
B710_demo10,1-13 Minette,ok,6232,0.141315,0.881,0.999,normal,7/10,388306,2938457,0:08.805,1:06.632,67.160
B711_demo11,1-24 Death of Swallowtail,ok,6115,0.138662,0.848,0.998,normal,10/10,235491,3065826,0:05.340,1:09.520,69.827
B712_demo12,1-29 Roger's Confession,not on album - keep game audio,,,0.406,,,,,,,,
B713_demo13,1-29 Roger's Confession,different edit - probes disagree on offset; keep game audio,,,0.743,0.608,normal,5/10,,,,,118.680
B714_demo14,1-29 Roger's Confession,ok,4272,0.096871,0.961,0.999,normal,9/10,1438333,3647562,0:32.615,1:22.711,118.680
B720_demo20,1-35 Link Battle,not on album - keep game audio,,,0.452,,,,,,,,
B721_demo21,1-12 Egersis,not on album - keep game audio,,,0.354,,,,,,,,
B722_demo22,1-18 Residential Quarters,not on album - keep game audio,,,0.314,,,,,,,,
B723_demo23,1-18 Residential Quarters,not on album - keep game audio,,,0.431,,,,,,,,
B724_demo24,1-01 METAL GEAR AC!D,not on album - keep game audio,,,0.370,,,,,,,,
B725_demo25,1-01 METAL GEAR AC!D,not on album - keep game audio,,,0.378,,,,,,,,
B726_demo26,1-18 Residential Quarters,not on album - keep game audio,,,0.431,,,,,,,,
B727_demo27,1-18 Residential Quarters,not on album - keep game audio,,,0.431,,,,,,,,
B728_demo28,1-18 Residential Quarters,not on album - keep game audio,,,0.431,,,,,,,,
B729_demo29,1-18 Residential Quarters,not on album - keep game audio,,,0.431,,,,,,,,
B730_demo30,1-24 Death of Swallowtail,ok,7794,0.176735,0.791,0.979,normal,10/10,one-shot,,,,69.827
B999_env_sea_loop,1-26 Metal Gear!,not on album - keep game audio,,,0.337,,,,,,,,
