track,samples,rate,channels,loop_start,loop_end,loop_start_time,loop_end_time
B101_boss1,3907881,44100,2,278785,3907439,0:06.322,1:28.604
B102_boss2,4536067,44100,2,1209589,4535990,0:27.428,1:42.857
B103_boss3,4586402,44100,2,635014,4586375,0:14.399,1:43.999
B104_boss4,3307533,44100,2,132278,3307479,0:03.000,1:15.000
B105_boss5,5237756,44100,2,654680,5237618,0:14.845,1:58.767
B106_boss6,4610130,44100,2,365805,4610043,0:08.295,1:44.536
B201_sneaky1,3373652,44100,2,198450,3373650,0:04.500,1:16.500
B202_sneaky2,3250715,44100,2,226625,3250625,0:05.139,1:13.710
B203_sneaky3,3395656,44100,2,174396,3395515,0:03.955,1:16.996
B204_sneaky4,3395720,44100,2,75228,3395699,0:01.706,1:17.000
B205_sneaky5,3391290,44100,2,201431,3391270,0:04.568,1:16.900
B206_sneaky6,3396156,44100,2,99485,3396140,0:02.256,1:17.010
B301_action1,1885294,44100,2,33041,1885243,0:00.749,0:42.749
B302_action2,1857574,44100,2,5197,1857535,0:00.118,0:42.121
B303_action_dark,4328955,44100,2,231656,4328718,0:05.253,1:38.157
B401_intermission,1999301,44100,2,117621,1999200,0:02.667,0:45.333
B402_title,2645964,44100,2,529070,2645863,0:11.997,0:59.997
B403_ending1,4409955,44100,2,,,,
B404_ending2,5292043,44100,2,,,,
B501_start,220380,44100,2,,,,
B502_complete,198464,44100,2,,,,
B503_failed,220416,44100,2,,,,
B504_nekal,219689,44100,2,,,,
B505_info,219689,44100,2,,,,
B601_vs_battle,3931203,44100,2,302397,3931196,0:06.857,1:29.143
B602_vs_hurry_up,1356961,44100,2,203545,1356926,0:04.616,0:30.769
B701_demo1,4364989,44100,2,130340,4363930,0:02.956,1:38.955
B702_demo2,4571631,44100,2,1444306,4571396,0:32.751,1:43.660
B703_demo3,5047252,44100,2,452,5046976,0:00.010,1:54.444
B704_demo4,4339299,44100,2,242107,4339138,0:05.490,1:38.393
B705_demo5,3573798,44100,2,45628,3573289,0:01.035,1:21.027
B706_demo6,4175998,44100,2,53672,4175847,0:01.217,1:34.690
B707_demo7,2557807,44100,2,441000,2557799,0:10.000,0:58.000
B708_demo8,3930657,44100,2,1511479,3930419,0:34.274,1:29.125
B709_demo9,4362229,44100,2,388155,4362171,0:08.802,1:38.915
B710_demo10,2932355,44100,2,382074,2932225,0:08.664,1:06.490
B711_demo11,3059748,44100,2,229376,3059711,0:05.201,1:09.381
B712_demo12,3329082,44100,2,780639,3328477,0:17.702,1:15.476
B713_demo13,1613277,44100,2,,,,
B714_demo14,3643604,44100,2,1434061,3643290,0:32.518,1:22.614
B720_demo20,4120946,44100,2,0,4120945,0:00.000,1:33.445
B721_demo21,1006743,44100,2,670062,1006676,0:15.194,0:22.827
B722_demo22,661500,44100,2,44100,661499,0:01.000,0:15.000
B723_demo23,617400,44100,2,44100,617399,0:01.000,0:14.000
B724_demo24,661500,44100,2,44100,661499,0:01.000,0:15.000
B725_demo25,661500,44100,2,44100,661499,0:01.000,0:15.000
B726_demo26,617400,44100,2,44100,617399,0:01.000,0:14.000
B727_demo27,617400,44100,2,44100,617399,0:01.000,0:14.000
B728_demo28,617400,44100,2,44100,617399,0:01.000,0:14.000
B729_demo29,617400,44100,2,44100,617399,0:01.000,0:14.000
B730_demo30,3090655,44100,2,,,,
B999_env_sea_loop,1265664,44100,2,56832,1239287,0:01.289,0:28.102
